{"test/r2/Polyphenols":0.7950946109218643,"_runtime":204.506796,"train/mae/Polyphenols":0.011393155724343764,"train/r2/Moisture":0.9908794070050494,"test/mse/Moisture":0.00040662986852514133,"test/r2/Moisture":0.9597546671341077,"train/mae/Cadmium":0.015889026732635515,"train/r2/Cadmium":0.9944693450455243,"train/mse/Polyphenols":0.0002275613542458548,"train/mae/Moisture":0.007041737207413697,"test/mae/Moisture":0.014045292616523156,"train/r2/Fermentation Level":0.9877746684040519,"test/mae/Fermentation Level":0.05244654950371232,"test/mae/Polyphenols":0.043499496681655495,"test/mse/Cadmium":0.013620991208542165,"test/mae/Cadmium":0.07615535262266607,"test/mse/Fermentation Level":0.006055687960424782,"train/mse/Cadmium":0.0004356273583883213,"test/r2/Fermentation Level":0.8392019496349853,"train/mse/Fermentation Level":0.00046040852603453655,"test/r2/Cadmium":0.8270700839563878,"test/mse/Polyphenols":0.0034645329668619084,"_timestamp":1.741657214987916e+09,"train/mse/Moisture":9.215243771908793e-05,"train/mae/Fermentation Level":0.01649024226884505,"_wandb":{"runtime":204},"train/r2/Polyphenols":0.9865411735789804,"_step":23}