{"Train/MSE/Moisture":4.842194539378397e-05,"Test/R²/Moisture":0.982413306894012,"Test/MAE/Moisture":0.01029268465936184,"_timestamp":1.7416985584488878e+09,"_wandb":{"runtime":5284},"_runtime":5284.5148039,"Train/MAE/Polyphenols":0.0077081844210624695,"Total Parameters":6623790,"Train/MAE/Fermentation Level":0.008413727395236492,"Test/MAE/Fermentation Level":0.04070412740111351,"Test/R²/Polyphenols":0.8899746646814514,"Test/MAE/Cadmium":0.03084554895758629,"Train/R²/Cadmium":0.9982535347142242,"Train/MAE/Cadmium":0.01037786714732647,"epoch":30,"Train/MSE/Cadmium":0.00013756175758317113,"_step":31,"Train/R²/Moisture":0.9952075576446701,"Test/MSE/Polyphenols":0.001860296237282455,"Train/R²/Polyphenols":0.9951110403519544,"Train/MSE/Polyphenols":8.266211807494983e-05,"Test/R²/Cadmium":0.955778552079905,"Test/MAE/Polyphenols":0.024254627525806427,"Train/R²/Fermentation Level":0.9969958475819759,"Train/MSE/Fermentation Level":0.00011313692812109366,"Test/MSE/Cadmium":0.0034831459634006023,"Test/MSE/Moisture":0.00017769132682587951,"Train/MAE/Moisture":0.006207555066794157,"Test/R²/Fermentation Level":0.796472226176079,"Test/MSE/Fermentation Level":0.007664805743843317}