{"test/mae/Polyphenols":0.021342091692429017,"train/r2/Moisture":0.999989450008707,"train/mse/Fermentation Level":2.226013071895425e-05,"test/mae/Moisture":0.004239568789215649,"_runtime":5.446676,"test/mae/Fermentation Level":0.03825117647058687,"train/mae/Cadmium":0.00011908264136781878,"train/mae/Fermentation Level":0.00019098039215686402,"train/mse/Cadmium":9.814657579188285e-06,"train/r2/Fermentation Level":0.9994089217205592,"test/mae/Cadmium":0.022627623805228373,"test/r2/Moisture":0.9759947493421933,"train/r2/Cadmium":0.9998753946841914,"train/mse/Polyphenols":1.0621281964003224e-05,"train/r2/Polyphenols":0.9993718178080107,"test/mse/Cadmium":0.0070539584380389314,"test/r2/Fermentation Level":0.7302553754714134,"test/mse/Moisture":0.0002425436994501694,"train/mae/Polyphenols":0.00011836475192331805,"_timestamp":1.741728370320333e+09,"test/r2/Cadmium":0.9104440769552659,"_wandb":{"runtime":5},"test/mse/Fermentation Level":0.010158638562090849,"train/mae/Moisture":1.3039185135972249e-05,"_step":23,"train/mse/Moisture":1.0659475936557615e-07,"test/r2/Polyphenols":0.8014955241787995,"test/mse/Polyphenols":0.003356306555167977}