{"train/mse/Polyphenols":0.00022866904780605605,"test/mae/Polyphenols":0.042541229401762845,"test/mse/Fermentation Level":0.006600232450616373,"_timestamp":1.7417283247158003e+09,"_step":23,"test/r2/Polyphenols":0.8061907225800418,"test/mae/Fermentation Level":0.054777921034290106,"train/mse/Cadmium":0.00046126757949130657,"test/mae/Cadmium":0.08767125167081102,"test/mse/Cadmium":0.016364232359484383,"train/mae/Fermentation Level":0.01635467168251234,"test/r2/Cadmium":0.7922423350314552,"train/r2/Polyphenols":0.9864756604543823,"_runtime":247.7625605,"train/r2/Fermentation Level":0.9880237881216104,"test/r2/Fermentation Level":0.8247425367768504,"train/mse/Fermentation Level":0.0004510266257509275,"train/mse/Moisture":0.00010452776655346782,"test/r2/Moisture":0.9433733693751,"test/mse/Polyphenols":0.0032769203090558356,"train/r2/Cadmium":0.9941438209177429,"train/r2/Moisture":0.9896545849572472,"train/mae/Polyphenols":0.01158186060030877,"train/mae/Moisture":0.007887063219764595,"train/mae/Cadmium":0.016491187130858054,"test/mae/Moisture":0.017060440570674074,"_wandb":{"runtime":247},"test/mse/Moisture":0.000572142848035413}