{"_timestamp":1.741657224044382e+09,"train/r2/Polyphenols":0.6037662191296376,"test/mse/Cadmium":0.025817949234796696,"_runtime":7.8641518,"train/mse/Cadmium":0.00754947134089928,"test/mse/Polyphenols":0.018755412559020194,"test/mse/Fermentation Level":0.022796865254594272,"train/r2/Fermentation Level":0.8082040396681417,"test/r2/Moisture":-0.18629310976055402,"test/r2/Polyphenols":-0.1092649844830198,"train/mse/Moisture":0.006010232523050055,"test/mae/Cadmium":0.12893412979527868,"train/mae/Moisture":0.061565254091339956,"train/r2/Moisture":0.4051499232732678,"_wandb":{"runtime":7},"test/mse/Moisture":0.011986041036401295,"train/mae/Cadmium":0.06893968715672107,"train/mae/Polyphenols":0.06499191452036886,"test/r2/Cadmium":0.6722194644108075,"_step":23,"test/mae/Fermentation Level":0.11851215453386184,"test/mae/Moisture":0.08636055224432665,"train/mse/Fermentation Level":0.007223075685328364,"train/r2/Cadmium":0.904153124749348,"test/r2/Fermentation Level":0.3946696871885105,"test/mae/Polyphenols":0.10808372276232522,"train/mae/Fermentation Level":0.0676596587936325,"train/mse/Polyphenols":0.00669950655073419}