{"test/mse/Fermentation Level":0.037809191176408186,"test/mae/Cadmium":0.22636555423589824,"_runtime":1983.4892085,"train/r2/Moisture":0.32935392304648003,"test/mse/Polyphenols":0.016909121761839705,"train/mae/Fermentation Level":0.08959378676471834,"train/r2/Fermentation Level":0.7771851699896151,"train/r2/Cadmium":0.8977663441587886,"test/mae/Polyphenols":0.11991871850332629,"test/mae/Fermentation Level":0.16514705882334407,"train/mae/Cadmium":0.08560591308043657,"test/r2/Fermentation Level":-0.003955994228291182,"test/r2/Cadmium":-0.0065964010233172665,"_step":23,"train/mse/Cadmium":0.008052532258669904,"test/mae/Moisture":0.09394116954960763,"test/r2/Polyphenols":-6.84671555146732e-05,"train/mse/Polyphenols":0.00806474950266167,"train/mse/Fermentation Level":0.008391252757325425,"_timestamp":1.7416607094893067e+09,"train/mse/Moisture":0.006776058406753228,"test/r2/Moisture":-0.15419260040633542,"train/mae/Moisture":0.076882348192091,"_wandb":{"runtime":1983},"test/mse/Moisture":0.01166170464833384,"train/r2/Polyphenols":0.5230206638335453,"test/mse/Cadmium":0.07928553394677515,"train/mae/Polyphenols":0.0868108471636001}