{"Test/MSE/Fermentation Level":0.004827507771551609,"Train/R²/Fermentation Level":0.9655369791237085,"Train/MAE/Fermentation Level":0.028727473691105843,"Test/MAE/Cadmium":0.04268225282430649,"Test/MSE/Cadmium":0.00732329860329628,"Train/MSE/Fermentation Level":0.0012978817103430629,"Test/MSE/Moisture":0.00044927099952474236,"Test/R²/Polyphenols":0.8204859958663069,"Test/MAE/Polyphenols":0.03900556638836861,"_wandb":{"runtime":696},"Test/R²/Fermentation Level":0.8718142867859293,"Train/MAE/Polyphenols":0.027296915650367737,"epoch":35,"Test/R²/Moisture":0.9555341852135545,"Test/MAE/Fermentation Level":0.04941095784306526,"Train/MAE/Moisture":0.00841214694082737,"Train/MAE/Cadmium":0.016409289091825485,"Train/R²/Moisture":0.9879755899705982,"Test/MAE/Moisture":0.013952286913990974,"Train/R²/Cadmium":0.9950528804944733,"Total Parameters":17228722,"Train/MSE/Moisture":0.00012149191024946049,"_runtime":696.4642878,"_timestamp":1.7416919010566497e+09,"Train/R²/Polyphenols":0.9458538123764936,"Train/MSE/Polyphenols":0.0009155028965324163,"Test/R²/Cadmium":0.9070245678262686,"Test/MSE/Polyphenols":0.0030352200847119093,"_step":36,"Train/MSE/Cadmium":0.0003896638809237629}