{"_timestamp":1.7416924816476877e+09,"Train/MAE/Fermentation Level":0.1143912747502327,"Test/MSE/Cadmium":0.03704407066106796,"Train/MAE/Cadmium":0.11462152749300003,"Test/R²/Fermentation Level":0.3790119272806016,"_step":31,"Test/MAE/Moisture":0.09599297493696213,"epoch":30,"Test/MSE/Moisture":0.01635141111910343,"Train/R²/Fermentation Level":0.5093972540522058,"Test/MAE/Polyphenols":0.11683788895606995,"Test/MAE/Cadmium":0.15279673039913177,"_runtime":579.1440802,"Train/R²/Polyphenols":0.24213954245832015,"Test/MSE/Polyphenols":0.01751105673611164,"Test/R²/Moisture":-0.6183468490768698,"Test/R²/Cadmium":0.5296954323669429,"Test/R²/Polyphenols":-0.035670133320336195,"Train/R²/Moisture":-0.513506768374052,"Total Parameters":34396549,"Train/MAE/Polyphenols":0.09983476996421814,"Test/MAE/Fermentation Level":0.12075992673635483,"Train/MSE/Moisture":0.0152920912951231,"Train/MSE/Cadmium":0.021807856857776642,"Train/R²/Cadmium":0.7231301562671437,"Test/MSE/Fermentation Level":0.02338648959994316,"Train/MSE/Polyphenols":0.01281389594078064,"Train/MAE/Moisture":0.09536225348711014,"_wandb":{"runtime":579},"Train/MSE/Fermentation Level":0.018476268276572227}