{
    "name": "cnn",
    "modality": "VIS",
    "batch_size": 128,
    "epochs": 100,
    "lr": 0.0003,
    "weight_decay": 0,
    "R2_mean_test": 0.5890773433849853,
    "metrics_per_property": {
        "Cadmium": {
            "R\u00b2": 0.3246965922861985,
            "MSE": 0.05319082364439964,
            "MAE": 0.19501864910125732
        },
        "Fermentation Level": {
            "R\u00b2": 0.7254635830033095,
            "MSE": 0.010339089669287205,
            "MAE": 0.07970084995031357
        },
        "Moisture": {
            "R\u00b2": 0.6653090157754655,
            "MSE": 0.0033816371578723192,
            "MAE": 0.03977649658918381
        },
        "Polyphenols": {
            "R\u00b2": 0.6408401824749678,
            "MSE": 0.006072647869586945,
            "MAE": 0.0625763013958931
        }
    }
}