{
    "name": "lstm",
    "modality": "VIS",
    "batch_size": 256,
    "epochs": 100,
    "lr": 0.0001,
    "weight_decay": 0,
    "R2_mean_test": 0.5034926545811905,
    "metrics_per_property": {
        "Cadmium": {
            "R\u00b2": 0.17800699020123978,
            "MSE": 0.06474504619836807,
            "MAE": 0.2098901867866516
        },
        "Fermentation Level": {
            "R\u00b2": 0.7276884723218601,
            "MSE": 0.010255292057991028,
            "MAE": 0.07828041911125183
        },
        "Moisture": {
            "R\u00b2": 0.6354188070759759,
            "MSE": 0.0036836375948041677,
            "MAE": 0.04514513537287712
        },
        "Polyphenols": {
            "R\u00b2": 0.47285634872568616,
            "MSE": 0.008912913501262665,
            "MAE": 0.07681359350681305
        }
    }
}