{
    "name": "spectralformer",
    "modality": "VIS",
    "batch_size": 256,
    "epochs": 100,
    "lr": 0.0001,
    "weight_decay": 0,
    "R2_mean_test": 0.48458172155020274,
    "metrics_per_property": {
        "Cadmium": {
            "R\u00b2": 0.19721770072921285,
            "MSE": 0.06323161721229553,
            "MAE": 0.2041092962026596
        },
        "Fermentation Level": {
            "R\u00b2": 0.7261456422295195,
            "MSE": 0.010313411243259907,
            "MAE": 0.07756610214710236
        },
        "Moisture": {
            "R\u00b2": 0.5846532647495808,
            "MSE": 0.004196571186184883,
            "MAE": 0.0444692000746727
        },
        "Polyphenols": {
            "R\u00b2": 0.4303102784924979,
            "MSE": 0.009632321074604988,
            "MAE": 0.07972805947065353
        }
    }
}