{
    "name": "spectralnet",
    "batch_size": 32,
    "epochs": 109,
    "lr": 0.0002,
    "weight_decay": 0,
    "test_metrics": {
        "Cadmium": {
            "R2": 0.9732022234016674,
            "MSE": 0.0021107306238263845,
            "MAE": 0.03174244612455368
        },
        "Fermentation Level": {
            "R2": 0.9466116959534511,
            "MSE": 0.0020106148440390825,
            "MAE": 0.030315235257148743
        },
        "Moisture": {
            "R2": 0.9567388158978141,
            "MSE": 0.00043710172758437693,
            "MAE": 0.017477532848715782
        },
        "Polyphenols": {
            "R2": 0.8585740880922454,
            "MSE": 0.0023912175092846155,
            "MAE": 0.03618566691875458
        }
    },
    "test_r2_mean": 0.9337817058362945
}