{
    "name": "spectralnet",
    "modality": "VIS",
    "batch_size": 128,
    "epochs": 100,
    "lr": 0.001,
    "weight_decay": 0,
    "R2_mean_test": 0.6103080475238838,
    "metrics_per_property": {
        "Cadmium": {
            "R\u00b2": 0.2976077454306555,
            "MSE": 0.0553245022892952,
            "MAE": 0.20181719958782196
        },
        "Fermentation Level": {
            "R\u00b2": 0.7560591895217861,
            "MSE": 0.009186824783682823,
            "MAE": 0.07176674157381058
        },
        "Moisture": {
            "R\u00b2": 0.720194312655918,
            "MSE": 0.0028270825278013945,
            "MAE": 0.0382617712020874
        },
        "Polyphenols": {
            "R\u00b2": 0.6673709424871757,
            "MSE": 0.005624068900942802,
            "MAE": 0.061780404299497604
        }
    }
}