{
    "name": "spectralnet",
    "batch_size": 32,
    "epochs": 17,
    "lr": 0.0005,
    "weight_decay": 0,
    "test_metrics": {
        "Cadmium": {
            "R2": 0.9725057574212714,
            "MSE": 0.002178620081394911,
            "MAE": 0.02476252056658268
        },
        "Fermentation Level": {
            "R2": 0.9756945833590274,
            "MSE": 0.0009101164760068059,
            "MAE": 0.021677551791071892
        },
        "Moisture": {
            "R2": 0.9815864779295155,
            "MSE": 0.00018491831724531949,
            "MAE": 0.009425356052815914
        },
        "Polyphenols": {
            "R2": 0.7077194754523372,
            "MSE": 0.0049400790594518185,
            "MAE": 0.03938271105289459
        }
    },
    "test_r2_mean": 0.9093765735405378
}