{
    "name": "transformer",
    "modality": "VIS",
    "batch_size": 64,
    "epochs": 100,
    "lr": 0.0005,
    "weight_decay": 0,
    "R2_mean_test": 0.6332598876582511,
    "metrics_per_property": {
        "Cadmium": {
            "R\u00b2": 0.4171014816465042,
            "MSE": 0.045912452042102814,
            "MAE": 0.18070685863494873
        },
        "Fermentation Level": {
            "R\u00b2": 0.7450416062821432,
            "MSE": 0.009601745754480362,
            "MAE": 0.07358074188232422
        },
        "Moisture": {
            "R\u00b2": 0.7257491204057183,
            "MSE": 0.002770972205325961,
            "MAE": 0.037755727767944336
        },
        "Polyphenols": {
            "R\u00b2": 0.645147342298639,
            "MSE": 0.005999827291816473,
            "MAE": 0.06379383057355881
        }
    }
}