{"_wandb":{"runtime":5},"train/r2_Moisture":0.9999485327155486,"train/r2_Fermentation Level":0.9991503280104376,"_timestamp":1.7416529573819008e+09,"train/mse_Fermentation Level":3.199882352941179e-05,"_step":23,"test/mae_Cadmium":0.0237877919258002,"test/mse_Cadmium":0.007235560026986892,"train/mae_Fermentation Level":0.000337058823529412,"test/mae_Moisture":0.004557211823673829,"train/mae_Cadmium":0.000207605049408534,"train/mae_Polyphenols":0.00020564949442358575,"train/r2_Polyphenols":0.9990328271604523,"test/r2_Polyphenols":0.8002081125804397,"train/mse_Moisture":5.200139648375177e-07,"test/mse_Moisture":0.00026238060455708624,"test/mae_Fermentation Level":0.03865776470588102,"test/r2_Moisture":0.974031433533759,"train/mse_Polyphenols":1.635292367048954e-05,"test/r2_Fermentation Level":0.7372330314779885,"test/mse_Polyphenols":0.003378074064282816,"test/mae_Polyphenols":0.02191222592802608,"train/mse_Cadmium":1.6958647161182874e-05,"test/mse_Fermentation Level":0.009895858588234926,"train/mae_Moisture":2.908230634296646e-05,"train/r2_Cadmium":0.9997846957402075,"test/r2_Cadmium":0.9081384923579817,"_runtime":5.5301447}