{"train/mse/Polyphenols":1.598722895583642e-05,"train/r2/Fermentation Level":0.998911779036918,"_runtime":1514.6865263,"train/mae/Polyphenols":0.0006708849054256024,"test/mse/Moisture":0.0015174940121584688,"train/mse/Fermentation Level":4.098262739789732e-05,"test/r2/Fermentation Level":0.647349189588661,"train/r2/Moisture":0.9995693349104846,"test/mae/Moisture":0.018178669498759962,"test/r2/Cadmium":0.6359690309693287,"test/mae/Cadmium":0.09134696212059473,"_timestamp":1.7416622258868132e+09,"_step":23,"test/r2/Moisture":0.8498092334859065,"train/mae/Moisture":0.0002845289613131331,"test/mse/Cadmium":0.028673249500412383,"test/mse/Fermentation Level":0.013280902734792264,"test/mae/Polyphenols":0.03464362616928087,"test/r2/Polyphenols":0.8066327792518521,"train/mse/Cadmium":6.557049521336451e-05,"test/mae/Fermentation Level":0.06281755920289685,"train/mae/Cadmium":0.0012408380474531304,"_wandb":{"runtime":1514},"train/r2/Cadmium":0.9991675275272864,"train/mse/Moisture":4.351344025692358e-06,"test/mse/Polyphenols":0.0032694460307091393,"train/mae/Fermentation Level":0.0010086746230315257,"train/r2/Polyphenols":0.9990544557085153}