{"Train/R²/Fermentation Level":0.9303169896270518,"Test/MAE/Polyphenols":0.07191740721464157,"Train/MSE/Fermentation Level":0.002624278422445059,"Test/R²/Cadmium":0.8308106010359251,"Train/R²/Polyphenols":0.8712565397841967,"Test/MSE/Polyphenols":0.007965371944010258,"Train/R²/Cadmium":0.9785568567758816,"Test/MSE/Moisture":0.006029767449945211,"Test/MAE/Fermentation Level":0.06554754823446274,"Train/MSE/Cadmium":0.0016889875987544656,"Test/MSE/Fermentation Level":0.00705100828781724,"Test/R²/Polyphenols":0.5288986727525071,"Test/R²/Fermentation Level":0.8127730919013336,"Test/R²/Moisture":0.40321539104622095,"epoch":40,"Train/R²/Moisture":0.7938859511947467,"_wandb":{"runtime":789},"_step":41,"Test/MAE/Cadmium":0.09028399735689163,"Train/MAE/Polyphenols":0.03816039860248566,"Train/MAE/Moisture":0.03475028648972511,"Test/MAE/Moisture":0.05399733781814575,"Train/MAE/Fermentation Level":0.04108229652047157,"Test/MSE/Cadmium":0.013326335698366165,"Train/MSE/Moisture":0.0020825285464525223,"Train/MAE/Cadmium":0.03172832727432251,"Total Parameters":34396549,"_runtime":789.5153713,"Train/MSE/Polyphenols":0.0021767893340438604,"_timestamp":1.7416932725284934e+09}