{"Train/MSE/Fermentation Level":8.448261360172182e-05,"Train/MAE/Moisture":0.005781898275017738,"Test/MAE/Moisture":0.010026057250797749,"Train/R²/Cadmium":0.9990330953815135,"Test/MAE/Fermentation Level":0.04893304407596588,"Test/MSE/Cadmium":0.004908224567770958,"Test/R²/Fermentation Level":0.7292696674865939,"Train/R²/Fermentation Level":0.9977567178926563,"Test/R²/Polyphenols":0.8288689075255504,"_runtime":19458.3122272,"Test/MAE/Cadmium":0.038498908281326294,"Total Parameters":6623790,"Train/MAE/Fermentation Level":0.007568967062979937,"_step":51,"_wandb":{"runtime":19458},"Test/R²/Cadmium":0.9376858009435005,"Test/MSE/Polyphenols":0.002893478609621525,"Train/R²/Polyphenols":0.9932437700085087,"Train/R²/Moisture":0.9954380731514032,"Train/MSE/Polyphenols":0.00011423394607845694,"Train/MAE/Cadmium":0.006613819394260645,"Train/MSE/Cadmium":7.615900540258735e-05,"Test/MSE/Moisture":0.00016599676746409386,"_timestamp":1.7417180181272402e+09,"Test/MSE/Fermentation Level":0.010195581242442131,"Train/MAE/Polyphenols":0.008481684140861034,"Test/R²/Moisture":0.9835707966343978,"Test/MAE/Polyphenols":0.035540685057640076,"Train/MSE/Moisture":4.6092638513073325e-05,"epoch":50}