{"test/r2/Cadmium":0.9081384923579817,"_step":23,"test/r2/Moisture":0.974031433533759,"train/mae/Polyphenols":0.00020564949442358575,"train/r2/Moisture":0.9999485327155486,"test/mse/Fermentation Level":0.009895858588234926,"test/mae/Polyphenols":0.02191222592802608,"_timestamp":1.7417283767884457e+09,"train/r2/Cadmium":0.9997846957402075,"train/mae/Fermentation Level":0.000337058823529412,"train/mse/Cadmium":1.6958647161182874e-05,"train/mse/Polyphenols":1.635292367048954e-05,"test/mse/Polyphenols":0.003378074064282816,"train/mse/Moisture":5.200139648375177e-07,"test/r2/Fermentation Level":0.7372330314779885,"train/mae/Cadmium":0.000207605049408534,"train/r2/Polyphenols":0.9990328271604523,"train/r2/Fermentation Level":0.9991503280104376,"_wandb":{"runtime":5},"test/mae/Fermentation Level":0.03865776470588102,"test/mae/Moisture":0.004557211823673829,"train/mae/Moisture":2.908230634296646e-05,"_runtime":5.3249378,"train/mse/Fermentation Level":3.199882352941179e-05,"test/r2/Polyphenols":0.8002081125804397,"test/mse/Cadmium":0.007235560026986892,"test/mae/Cadmium":0.0237877919258002,"test/mse/Moisture":0.00026238060455708624}