{
    "train": {
        "mse": {
            "Cadmium": 4.204383559301687e-07,
            "Fermentation Level": 1.946352941176474e-06,
            "Moisture": 4.858812859546781e-09,
            "Polyphenols": 2.605301347476206e-06
        },
        "r2": {
            "Cadmium": 0.9999946621821805,
            "Fermentation Level": 0.9999483180506809,
            "Moisture": 0.9999995191092539,
            "Polyphenols": 0.9998459127705303
        },
        "mae": {
            "Cadmium": 6.008404142716355e-06,
            "Fermentation Level": 1.6470588235320252e-05,
            "Moisture": 8.823499960057921e-07,
            "Polyphenols": 1.4044711169074559e-05
        }
    },
    "test": {
        "mse": {
            "Cadmium": 0.025643248981533043,
            "Fermentation Level": 0.013596402823529917,
            "Moisture": 0.0011722367283417815,
            "Polyphenols": 0.004113324518797475
        },
        "r2": {
            "Cadmium": 0.674437430759008,
            "Fermentation Level": 0.6389716444624016,
            "Moisture": 0.883980344334143,
            "Polyphenols": 0.7567226610366884
        },
        "mae": {
            "Cadmium": 0.054957331657213,
            "Fermentation Level": 0.04888070588235071,
            "Moisture": 0.011999715529119376,
            "Polyphenols": 0.027809630377503242
        }
    }
}