{
    "train": {
        "mse": {
            "Cadmium": 1.8719484553957896e-06,
            "Fermentation Level": 5.338823529411767e-06,
            "Moisture": 2.1886057599132947e-07,
            "Polyphenols": 3.6216386087692237e-06
        },
        "r2": {
            "Cadmium": 0.9999762340431564,
            "Fermentation Level": 0.9998582370128081,
            "Moisture": 0.9999783387364929,
            "Polyphenols": 0.9997858027978581
        },
        "mae": {
            "Cadmium": 2.2573530279538215e-05,
            "Fermentation Level": 5.105882352952919e-05,
            "Moisture": 6.135289108051957e-06,
            "Polyphenols": 2.817059842979206e-05
        }
    },
    "test": {
        "mse": {
            "Cadmium": 0.026861113214241325,
            "Fermentation Level": 0.01409022141176495,
            "Moisture": 0.0013241893998028078,
            "Polyphenols": 0.0043437027043369035
        },
        "r2": {
            "Cadmium": 0.6589756221218595,
            "Fermentation Level": 0.6258591679376655,
            "Moisture": 0.8689411494393084,
            "Polyphenols": 0.7430972367169917
        },
        "mae": {
            "Cadmium": 0.058393413584208693,
            "Fermentation Level": 0.051283411764702795,
            "Moisture": 0.01332253301108589,
            "Polyphenols": 0.029016821271181353
        }
    }
}