{
    "train": {
        "mse": {
            "Cadmium": 7.254844268664329e-06,
            "Fermentation Level": 7.465546218487393e-06,
            "Moisture": 9.627743145817493e-07,
            "Polyphenols": 3.5709439618975645e-06
        },
        "r2": {
            "Cadmium": 0.9999078936627238,
            "Fermentation Level": 0.9998017656648281,
            "Moisture": 0.9999047114445734,
            "Polyphenols": 0.9997888010681706
        },
        "mae": {
            "Cadmium": 3.313325530215472e-05,
            "Fermentation Level": 5.697478991602186e-05,
            "Moisture": 1.0109238263939612e-05,
            "Polyphenols": 2.8371437257077524e-05
        }
    },
    "test": {
        "mse": {
            "Cadmium": 0.03260859735599727,
            "Fermentation Level": 0.015447227490997263,
            "Moisture": 0.0017526144073053771,
            "Polyphenols": 0.005283661542102105
        },
        "r2": {
            "Cadmium": 0.5860064868453801,
            "Fermentation Level": 0.5898262789744233,
            "Moisture": 0.8265386887013627,
            "Polyphenols": 0.6875045686108008
        },
        "mae": {
            "Cadmium": 0.07093433383454625,
            "Fermentation Level": 0.056857226890752295,
            "Moisture": 0.01664942659149639,
            "Polyphenols": 0.033835071601787337
        }
    }
}