{
    "train": {
        "mse": {
            "Cadmium": 3.882177277995054e-14,
            "Fermentation Level": 2.181612845616939e-13,
            "Moisture": 2.5565816085937848e-15,
            "Polyphenols": 4.96738603294814e-14
        },
        "r2": {
            "Cadmium": 0.9999999999995072,
            "Fermentation Level": 0.9999999999942071,
            "Moisture": 0.999999999999747,
            "Polyphenols": 0.9999999999970621
        },
        "mae": {
            "Cadmium": 4.217680170326095e-09,
            "Fermentation Level": 1.1498410968137281e-08,
            "Moisture": 9.88310684826691e-10,
            "Polyphenols": 4.605121760331239e-09
        }
    },
    "test": {
        "mse": {
            "Cadmium": 0.027652925146595817,
            "Fermentation Level": 0.014477669397719045,
            "Moisture": 0.0014334808515716565,
            "Polyphenols": 0.004463592244593853
        },
        "r2": {
            "Cadmium": 0.648922905040703,
            "Fermentation Level": 0.6155711740439214,
            "Moisture": 0.8581242587082184,
            "Polyphenols": 0.7360065225781101
        },
        "mae": {
            "Cadmium": 0.06047635271608593,
            "Fermentation Level": 0.052726174851126725,
            "Moisture": 0.014119939351672623,
            "Polyphenols": 0.02967578981045574
        }
    }
}