{
    "train": {
        "mse": {
            "Cadmium": 0.0021153848900366478,
            "Fermentation Level": 0.0031448155127062026,
            "Moisture": 0.002298289188900927,
            "Polyphenols": 0.003798453890021957
        },
        "r2": {
            "Cadmium": 0.9731434132925253,
            "Fermentation Level": 0.9164950032918572,
            "Moisture": 0.7725316790798396,
            "Polyphenols": 0.7753452832820655
        },
        "mae": {
            "Cadmium": 0.03707780109707115,
            "Fermentation Level": 0.050332224155858876,
            "Moisture": 0.04076496264339155,
            "Polyphenols": 0.05706705979406021
        }
    },
    "test": {
        "mse": {
            "Cadmium": 0.019765143901074624,
            "Fermentation Level": 0.00785501950923682,
            "Moisture": 0.0036646113942416457,
            "Polyphenols": 0.00519279680280723
        },
        "r2": {
            "Cadmium": 0.7490649084877745,
            "Fermentation Level": 0.7914238925587183,
            "Moisture": 0.637302823030871,
            "Polyphenols": 0.6928786478696176
        },
        "mae": {
            "Cadmium": 0.11885783845524994,
            "Fermentation Level": 0.06827111628845241,
            "Moisture": 0.04954807532655598,
            "Polyphenols": 0.06464665659852199
        }
    }
}