{
    "train": {
        "mse": {
            "Cadmium": 0.0017227569222898569,
            "Fermentation Level": 0.002797241799044544,
            "Moisture": 0.00293588097762878,
            "Polyphenols": 0.0032127445295896616
        },
        "r2": {
            "Cadmium": 0.9781281548916716,
            "Fermentation Level": 0.9257242066260069,
            "Moisture": 0.7094273777087129,
            "Polyphenols": 0.8099863173071487
        },
        "mae": {
            "Cadmium": 0.033552843090519244,
            "Fermentation Level": 0.04681092236255519,
            "Moisture": 0.04930459745807546,
            "Polyphenols": 0.050493110785077754
        }
    },
    "test": {
        "mse": {
            "Cadmium": 0.02381066156395066,
            "Fermentation Level": 0.005877631856600356,
            "Moisture": 0.004306934727374859,
            "Polyphenols": 0.004699356658080022
        },
        "r2": {
            "Cadmium": 0.6977036661902707,
            "Fermentation Level": 0.8439299135818842,
            "Moisture": 0.5737302270402317,
            "Polyphenols": 0.7220625366676745
        },
        "mae": {
            "Cadmium": 0.12440319757808006,
            "Fermentation Level": 0.0590117602262861,
            "Moisture": 0.05460320489512087,
            "Polyphenols": 0.059566479607027954
        }
    }
}