{"Train/MSE/Fermentation Level":0.00395007710903883,"Train/R²/Moisture":0.6716173874584164,"Train/R²/Polyphenols":0.6287438734977482,"Train/MSE/Cadmium":0.0016886757221072912,"Test/MAE/Fermentation Level":0.060079175978899,"Train/MAE/Cadmium":0.025614619255065918,"Test/R²/Cadmium":0.9291116185101953,"Train/MAE/Polyphenols":0.06629856675863266,"Train/MAE/Moisture":0.0415276363492012,"Train/R²/Fermentation Level":0.8951126786385166,"Test/MAE/Moisture":0.04013419151306152,"Test/MAE/Cadmium":0.0497107058763504,"_runtime":716.8667992,"Test/R²/Fermentation Level":0.7817235394085028,"Train/MAE/Fermentation Level":0.046133894473314285,"_step":41,"Train/MSE/Moisture":0.0033179144375026226,"_timestamp":1.7416905435444531e+09,"epoch":40,"Test/MSE/Polyphenols":0.008873977698385715,"Test/R²/Polyphenols":0.4751583314402469,"Test/R²/Moisture":0.6510305513695371,"Test/MSE/Fermentation Level":0.008220319636166096,"Test/MAE/Polyphenols":0.07856528460979462,"_wandb":{"runtime":716},"Train/R²/Cadmium":0.9785608350430701,"Test/MSE/Cadmium":0.005583591293543577,"Test/MSE/Moisture":0.003525899723172188,"Total Parameters":961696,"Train/MSE/Polyphenols":0.006277193780988455}