{"Test/R²/Cadmium":0.9604522254546375,"Test/MSE/Polyphenols":0.002225126139819622,"Test/MSE/Fermentation Level":0.0058112856931984425,"Train/MAE/Fermentation Level":0.011221618391573429,"Test/MAE/Polyphenols":0.029006976634263992,"Train/MAE/Polyphenols":0.008899270556867123,"_wandb":{"runtime":546},"Test/R²/Polyphenols":0.8683973382354446,"Train/R²/Moisture":0.993956331647755,"Train/R²/Cadmium":0.9989373402112741,"Train/MSE/Moisture":6.106384535087273e-05,"Test/MSE/Moisture":0.00033892030478455126,"Train/MSE/Cadmium":8.37014231365174e-05,"Train/R²/Fermentation Level":0.9946147459000136,"_runtime":546.7019196,"Test/R²/Fermentation Level":0.845690644522809,"Train/MSE/Polyphenols":0.00014648231444880366,"Test/MAE/Fermentation Level":0.03768763318657875,"_timestamp":1.7416898252092686e+09,"Test/R²/Moisture":0.9664559876777138,"Total Parameters":961668,"epoch":30,"Test/MAE/Moisture":0.01313966978341341,"Test/MAE/Cadmium":0.03521648421883583,"Train/MSE/Fermentation Level":0.00020280995522625744,"Train/R²/Polyphenols":0.9913365054023954,"Train/MAE/Cadmium":0.00697545800358057,"Train/MAE/Moisture":0.006235808599740267,"_step":31,"Test/MSE/Cadmium":0.003115002065896988}