{"train/mse/Fermentation Level":0.008010953673184482,"train/r2/Cadmium":0.9031137833735501,"test/mae/Fermentation Level":0.15934058965412395,"test/mse/Polyphenols":0.016679270403800156,"_timestamp":1.7416586919152136e+09,"test/r2/Moisture":0.1074720568046601,"test/r2/Cadmium":0.09788427988073312,"_runtime":1444.7919585,"test/mse/Fermentation Level":0.03488577323461728,"_wandb":{"runtime":1444},"train/mae/Fermentation Level":0.0870126610393621,"test/mse/Moisture":0.009017903303369509,"train/mae/Moisture":0.07211062759197838,"test/mae/Polyphenols":0.11720500012883649,"_step":23,"train/r2/Polyphenols":0.5376130907805361,"test/r2/Polyphenols":0.013525798622793683,"train/mae/Cadmium":0.08278135506527488,"train/r2/Moisture":0.364562930693907,"test/mae/Cadmium":0.2124351331867546,"train/mse/Cadmium":0.007631336064287259,"train/mae/Polyphenols":0.08392394104850759,"train/mse/Moisture":0.006420314445129605,"test/mae/Moisture":0.0816600936043654,"test/r2/Fermentation Level":0.07367018276665238,"train/mse/Polyphenols":0.007818021271394433,"test/mse/Cadmium":0.07105601259722645,"train/r2/Fermentation Level":0.7872833374786108}