{"_wandb":{"runtime":6},"test/r2/Moisture":0.9759947493421933,"_timestamp":1.741657231538214e+09,"_step":23,"train/mae/Fermentation Level":0.00019098039215686402,"train/r2/Polyphenols":0.9993718178080107,"test/mse/Fermentation Level":0.010158638562090849,"test/mse/Polyphenols":0.003356306555167977,"test/mae/Polyphenols":0.021342091692429017,"train/mse/Moisture":1.0659475936557615e-07,"test/mae/Moisture":0.004239568789215649,"test/r2/Fermentation Level":0.7302553754714134,"train/mse/Polyphenols":1.0621281964003224e-05,"test/r2/Polyphenols":0.8014955241787995,"test/mae/Cadmium":0.022627623805228373,"train/r2/Cadmium":0.9998753946841914,"train/mae/Polyphenols":0.00011836475192331805,"test/mse/Moisture":0.0002425436994501694,"train/mae/Cadmium":0.00011908264136781878,"train/r2/Moisture":0.999989450008707,"test/r2/Cadmium":0.9104440769552659,"_runtime":6.362979,"train/mse/Fermentation Level":2.226013071895425e-05,"train/mse/Cadmium":9.814657579188285e-06,"train/r2/Fermentation Level":0.9994089217205592,"train/mae/Moisture":1.3039185135972249e-05,"test/mae/Fermentation Level":0.03825117647058687,"test/mse/Cadmium":0.0070539584380389314}