{"Train/MSE/Moisture":0.00011572913354029879,"Train/MSE/Polyphenols":0.00027583236806094646,"Train/R²/Cadmium":0.9950724298456087,"Test/MAE/Moisture":0.01428656093776226,"_runtime":658.5756769,"Train/MSE/Fermentation Level":0.00044196879025548697,"Train/MAE/Polyphenols":0.013708924874663353,"Test/R²/Polyphenols":0.8139295174332508,"Test/R²/Moisture":0.9610921696437786,"Test/R²/Fermentation Level":0.7813179676876829,"Train/MSE/Cadmium":0.00038812466664239764,"_wandb":{"runtime":658},"Test/MSE/Cadmium":0.011304620653390884,"Test/MSE/Fermentation Level":0.008235529996454716,"Test/MSE/Moisture":0.00039311498403549194,"Total Parameters":17228722,"Train/R²/Fermentation Level":0.9882642957524755,"Test/MAE/Polyphenols":0.032042454928159714,"Test/MAE/Cadmium":0.05841495469212532,"Train/MAE/Moisture":0.00882211234420538,"Test/MSE/Polyphenols":0.00314606842584908,"epoch":30,"Train/R²/Moisture":0.988546013738795,"_timestamp":1.741691203342421e+09,"Train/MAE/Cadmium":0.016073068603873253,"Test/R²/Cadmium":0.8564767372957481,"Train/MAE/Fermentation Level":0.014084288850426674,"Test/MAE/Fermentation Level":0.047216519713401794,"Train/R²/Polyphenols":0.983686189541573,"_step":31}