{"test/mae/Fermentation Level":0.039397999999998067,"test/mse/Fermentation Level":0.0097196903529408,"train/r2/Cadmium":0.9996011312316755,"test/mae/Polyphenols":0.022810441410015685,"train/mse/Polyphenols":2.5300725285505294e-05,"train/mae/Fermentation Level":0.0006472352941176492,"test/mae/Moisture":0.005170064599198421,"_runtime":5.2308263,"test/mae/Cadmium":0.025751100828158853,"train/mse/Cadmium":3.141728227833404e-05,"train/r2/Fermentation Level":0.9982628614086992,"train/mae/Cadmium":0.0003644432763514276,"train/mse/Fermentation Level":6.54209999999996e-05,"test/mse/Cadmium":0.007920103921482822,"test/r2/Moisture":0.9682037608768093,"_step":23,"train/mae/Polyphenols":0.0003593272137291289,"test/mse/Moisture":0.00032126210950573337,"test/r2/Cadmium":0.8994476330518609,"test/mse/Polyphenols":0.003454977135044805,"_wandb":{"runtime":5},"train/r2/Moisture":0.9997895987314307,"_timestamp":1.7417283829972754e+09,"test/r2/Polyphenols":0.7956597784221241,"train/mae/Moisture":5.7788167806232434e-05,"test/r2/Fermentation Level":0.7419108664253415,"train/r2/Polyphenols":0.9985036208319642,"train/mse/Moisture":2.1258474979188345e-06}