{"test/r2/Moisture":0.9682037608768093,"test/r2/Cadmium":0.8994476330518609,"train/mae/Fermentation Level":0.0006472352941176492,"train/mse/Polyphenols":2.5300725285505294e-05,"test/mse/Fermentation Level":0.0097196903529408,"_step":23,"test/mse/Cadmium":0.007920103921482822,"train/r2/Fermentation Level":0.9982628614086992,"test/r2/Polyphenols":0.7956597784221241,"train/mse/Moisture":2.1258474979188345e-06,"test/r2/Fermentation Level":0.7419108664253415,"train/r2/Moisture":0.9997895987314307,"_wandb":{"runtime":6},"train/mae/Cadmium":0.0003644432763514276,"test/mae/Fermentation Level":0.039397999999998067,"train/r2/Cadmium":0.9996011312316755,"test/mae/Moisture":0.005170064599198421,"train/mse/Fermentation Level":6.54209999999996e-05,"train/mae/Moisture":5.7788167806232434e-05,"train/mae/Polyphenols":0.0003593272137291289,"test/mse/Polyphenols":0.003454977135044805,"test/mse/Moisture":0.00032126210950573337,"test/mae/Polyphenols":0.022810441410015685,"_runtime":6.1413819,"train/mse/Cadmium":3.141728227833404e-05,"test/mae/Cadmium":0.025751100828158853,"train/r2/Polyphenols":0.9985036208319642,"_timestamp":1.741657245989564e+09}