{"test/r2_Cadmium":0.8376774845701895,"train/mse_Moisture":0.0038026914241626885,"train/r2_Cadmium":0.9663789361001123,"train/r2_Moisture":0.623636643548138,"test/mse_Fermentation Level":0.008310510264374484,"test/mse_Cadmium":0.012785489094092287,"_timestamp":1.7416529745631018e+09,"test/mse_Moisture":0.004483386446463139,"test/mse_Polyphenols":0.007051259239506333,"train/mae_Polyphenols":0.06519777373543133,"train/mae_Cadmium":0.0429480784227952,"train/mae_Moisture":0.05542001357393766,"test/mae_Moisture":0.0584059813617855,"_step":23,"train/mse_Cadmium":0.0026481954440243406,"test/r2_Fermentation Level":0.7793291436442965,"test/mae_Fermentation Level":0.07203753030224513,"test/r2_Moisture":0.5562662906225171,"_wandb":{"runtime":16},"test/mae_Polyphenols":0.07616438146098967,"train/r2_Fermentation Level":0.9283991228754694,"train/mse_Fermentation Level":0.0026965038977438487,"test/mae_Cadmium":0.09109184887404821,"_runtime":16.1193758,"train/mae_Fermentation Level":0.04486433780998821,"train/mse_Polyphenols":0.004834656096467647,"test/r2_Polyphenols":0.582962254427457,"train/r2_Polyphenols":0.7140604237335376}