{"test/mse/Moisture":0.005512674372263718,"train/r2/Cadmium":0.9774215913387558,"test/mse/Cadmium":0.013649694913665395,"train/mse/Fermentation Level":0.00360656176992471,"train/r2/Polyphenols":0.9013657443154564,"_runtime":11.0018493,"test/r2/Moisture":0.4543946909317851,"_step":23,"train/r2/Moisture":0.7142962338648204,"test/mse/Fermentation Level":0.013100558190978539,"_timestamp":1.7416570094767442e+09,"test/mae/Moisture":0.05917159718625686,"test/mse/Polyphenols":0.004608606370218766,"test/r2/Polyphenols":0.7274298468422424,"train/mae/Fermentation Level":0.04729288398016317,"train/mse/Moisture":0.0028866871407875463,"test/r2/Cadmium":0.8267056663276628,"train/mae/Polyphenols":0.03288621479798766,"train/r2/Fermentation Level":0.9042341506175938,"test/mae/Polyphenols":0.054766031452838114,"test/mae/Cadmium":0.0860433142420781,"test/mae/Fermentation Level":0.08732321988596536,"_wandb":{"runtime":11},"train/mae/Cadmium":0.03300878518135013,"train/mae/Moisture":0.041212120069300424,"train/mse/Cadmium":0.0017784100803016534,"test/r2/Fermentation Level":0.6521379189995438,"train/mse/Polyphenols":0.0016677044562780194}