{"_step":23,"test/r2_Fermentation Level":0.8086512797304197,"train/mae_Cadmium":0.04039560287555351,"train/mse_Cadmium":0.0030220960215909323,"test/r2_Cadmium":0.8348152984723923,"test/r2_Polyphenols":0.4176676402016324,"test/mae_Polyphenols":0.07452429740218555,"test/mae_Fermentation Level":0.059378206360416505,"train/mae_Fermentation Level":0.022459515678004933,"_timestamp":1.7416529506658366e+09,"train/mse_Moisture":0.0005665467221679657,"test/mse_Polyphenols":0.009846054646335372,"_runtime":13.9200915,"train/mae_Polyphenols":0.032662158222759474,"test/mae_Moisture":0.03192714467469384,"train/r2_Polyphenols":0.8933684222185284,"test/mse_Fermentation Level":0.007206232531730362,"train/mse_Fermentation Level":0.0007960010607205548,"test/mse_Moisture":0.0016751626684591056,"train/r2_Moisture":0.9439272341197429,"train/mse_Polyphenols":0.0018029228913620011,"train/r2_Cadmium":0.9616319544379628,"test/r2_Moisture":0.8342043110576742,"test/mse_Cadmium":0.013010931935719963,"train/r2_Fermentation Level":0.9788636040217352,"test/mae_Cadmium":0.08504355969805928,"train/mae_Moisture":0.01877356128832873,"_wandb":{"runtime":13}}