{"test/r2/Cadmium":0.6844544246758801,"test/mse/Fermentation Level":0.008388991231858744,"train/mse/Cadmium":0.0013462615017592464,"_step":23,"train/mae/Fermentation Level":0.025502020739632338,"train/r2/Polyphenols":0.9515177780323504,"train/mae/Cadmium":0.02861498128929559,"train/mae/Moisture":0.019039695397895927,"test/mae/Moisture":0.037022447002284666,"test/mae/Cadmium":0.11280730571970343,"test/mae/Fermentation Level":0.06410896571160056,"train/mse/Moisture":0.0005846418264196326,"train/mse/Fermentation Level":0.0010310078473665541,"_wandb":{"runtime":11},"train/r2/Fermentation Level":0.9726234157289796,"test/r2/Fermentation Level":0.7772452207862,"test/r2/Moisture":0.7881996879644574,"train/mae/Polyphenols":0.022750399231910707,"test/mse/Moisture":0.0021399831211133167,"train/r2/Cadmium":0.9829080802632064,"_runtime":11.567464900000001,"train/mse/Polyphenols":0.0008197356695659581,"_timestamp":1.741656896301509e+09,"test/mse/Cadmium":0.024854250818581714,"train/r2/Moisture":0.9421363093741192,"test/mae/Polyphenols":0.05093666205686682,"test/mse/Polyphenols":0.004543304534102878,"test/r2/Polyphenols":0.731292040755485}