{
    "name": "cnn",
    "modality": "NIR",
    "batch_size": 128,
    "epochs": 100,
    "lr": 0.0003,
    "weight_decay": 0,
    "R2_mean_test": 0.6104208371398276,
    "metrics_per_property": {
        "Cadmium": {
            "R\u00b2": 0.25137236912852834,
            "MSE": 0.06155356019735336,
            "MAE": 0.19981266558170319
        },
        "Fermentation Level": {
            "R\u00b2": 0.6766988182027331,
            "MSE": 0.012199394404888153,
            "MAE": 0.08344385027885437
        },
        "Moisture": {
            "R\u00b2": 0.9210243927933854,
            "MSE": 0.0008067148155532777,
            "MAE": 0.021046830341219902
        },
        "Polyphenols": {
            "R\u00b2": 0.5925877684346637,
            "MSE": 0.00703474460169673,
            "MAE": 0.06980492174625397
        }
    }
}