{
    "name": "lstm",
    "modality": "NIR",
    "batch_size": 256,
    "epochs": 100,
    "lr": 0.0001,
    "weight_decay": 0,
    "R2_mean_test": 0.49094141509721323,
    "metrics_per_property": {
        "Cadmium": {
            "R\u00b2": 0.19163513973904578,
            "MSE": 0.06646476686000824,
            "MAE": 0.2007133960723877
        },
        "Fermentation Level": {
            "R\u00b2": 0.41279825209768395,
            "MSE": 0.022157398983836174,
            "MAE": 0.11752001196146011
        },
        "Moisture": {
            "R\u00b2": 0.840136460593552,
            "MSE": 0.0016329657519236207,
            "MAE": 0.030770394951105118
        },
        "Polyphenols": {
            "R\u00b2": 0.5191958079585711,
            "MSE": 0.00830203015357256,
            "MAE": 0.0796322226524353
        }
    }
}