{
    "name": "spectralformer",
    "modality": "NIR",
    "batch_size": 256,
    "epochs": 100,
    "lr": 0.0001,
    "weight_decay": 0,
    "R2_mean_test": 0.47187613910718573,
    "metrics_per_property": {
        "Cadmium": {
            "R\u00b2": 0.2026470610369927,
            "MSE": 0.06555942445993423,
            "MAE": 0.1967342346906662
        },
        "Fermentation Level": {
            "R\u00b2": 0.34902524699068616,
            "MSE": 0.024563848972320557,
            "MAE": 0.12893205881118774
        },
        "Moisture": {
            "R\u00b2": 0.8361447921536835,
            "MSE": 0.0016737410333007574,
            "MAE": 0.030772367492318153
        },
        "Polyphenols": {
            "R\u00b2": 0.4996874562473804,
            "MSE": 0.008638844825327396,
            "MAE": 0.08211155235767365
        }
    }
}