{
    "name": "spectralnet",
    "modality": "NIR",
    "batch_size": 128,
    "epochs": 100,
    "lr": 0.001,
    "weight_decay": 0,
    "R2_mean_test": 0.5828882685259557,
    "metrics_per_property": {
        "Cadmium": {
            "R\u00b2": 0.2551807160797379,
            "MSE": 0.06124034523963928,
            "MAE": 0.20493754744529724
        },
        "Fermentation Level": {
            "R\u00b2": 0.6623155759959758,
            "MSE": 0.012742118909955025,
            "MAE": 0.09224039316177368
        },
        "Moisture": {
            "R\u00b2": 0.9278521182517052,
            "MSE": 0.000736969755962491,
            "MAE": 0.020479274913668633
        },
        "Polyphenols": {
            "R\u00b2": 0.4862046637764038,
            "MSE": 0.008871585130691528,
            "MAE": 0.07625534385442734
        }
    }
}