{
    "name": "spectralnet",
    "batch_size": 32,
    "epochs": 123,
    "lr": 0.0002,
    "weight_decay": 0,
    "test_metrics": {
        "Cadmium": {
            "R2": 0.8058856725692749,
            "MSE": 0.015962421894073486,
            "MAE": 0.08250634372234344
        },
        "Fermentation Level": {
            "R2": 0.7725058794021606,
            "MSE": 0.008586009964346886,
            "MAE": 0.07531531155109406
        },
        "Moisture": {
            "R2": 0.9164206385612488,
            "MSE": 0.0008536959066987038,
            "MAE": 0.024734925478696823
        },
        "Polyphenols": {
            "R2": 0.7954469919204712,
            "MSE": 0.003532550297677517,
            "MAE": 0.03854852169752121
        }
    },
    "test_r2_mean": 0.8225648403167725
}