{
    "name": "spectralnet",
    "batch_size": 32,
    "epochs": 9,
    "lr": 0.0005,
    "weight_decay": 0,
    "test_metrics": {
        "Cadmium": {
            "R2": 0.9497712327933807,
            "MSE": 0.004117760807275772,
            "MAE": 0.04033726826310158
        },
        "Fermentation Level": {
            "R2": 0.9430386184591717,
            "MSE": 0.002147776074707508,
            "MAE": 0.03768995776772499
        },
        "Moisture": {
            "R2": 0.9598351306525459,
            "MSE": 0.00041364578646607697,
            "MAE": 0.016693534329533577
        },
        "Polyphenols": {
            "R2": 0.9623032415147784,
            "MSE": 0.0006491366075351834,
            "MAE": 0.021010832861065865
        }
    },
    "test_r2_mean": 0.9537370558549692
}