{
    "name": "transformer",
    "modality": "NIR",
    "batch_size": 64,
    "epochs": 100,
    "lr": 0.0005,
    "weight_decay": 0,
    "R2_mean_test": 0.5888664683124987,
    "metrics_per_property": {
        "Cadmium": {
            "R\u00b2": 0.2627002257425579,
            "MSE": 0.060621801763772964,
            "MAE": 0.20374272763729095
        },
        "Fermentation Level": {
            "R\u00b2": 0.6836053569997429,
            "MSE": 0.011938736774027348,
            "MAE": 0.08342377841472626
        },
        "Moisture": {
            "R\u00b2": 0.893401361742114,
            "MSE": 0.0010888801189139485,
            "MAE": 0.0251764003187418
        },
        "Polyphenols": {
            "R\u00b2": 0.5157589287655798,
            "MSE": 0.008361314423382282,
            "MAE": 0.07371786236763
        }
    }
}