{"train/mse/Cadmium":0.0013191343563767356,"test/mse/Moisture":0.0020859269279248083,"train/mae/Fermentation Level":0.036527445669664926,"_timestamp":1.741728103814564e+09,"train/mae/Moisture":0.028544036856468984,"test/r2/Polyphenols":0.6904023665721097,"train/r2/Cadmium":0.9832524821427523,"test/r2/Fermentation Level":0.729816368340922,"train/mae/Polyphenols":0.02154790064867805,"train/mse/Moisture":0.0012737122710427245,"test/mae/Moisture":0.03573343746451771,"test/mae/Cadmium":0.08044076126287965,"test/r2/Cadmium":0.8544770497197518,"train/mae/Cadmium":0.029453414412105784,"test/r2/Moisture":0.7935497855758924,"_wandb":{"runtime":13},"test/mae/Fermentation Level":0.07318386378884445,"train/mse/Polyphenols":0.0007314355049330914,"train/r2/Fermentation Level":0.9414180586907407,"test/mae/Polyphenols":0.0579366101184312,"test/mse/Cadmium":0.01146225518266305,"train/mse/Fermentation Level":0.002206208072047479,"_step":23,"test/mse/Fermentation Level":0.010175171661768505,"train/r2/Moisture":0.8739370167041315,"_runtime":13.861478,"train/r2/Polyphenols":0.9567401787896304,"test/mse/Polyphenols":0.0052346656781405605}