{"Test/MAE/Fermentation Level":0.06488565355539322,"Test/MAE/Polyphenols":0.055907607078552246,"Train/R²/Fermentation Level":0.8279481751828954,"Train/R²/Moisture":0.8185383065916394,"Train/MSE/Cadmium":0.0048088631592690945,"Train/MAE/Polyphenols":0.05699644610285759,"Test/R²/Moisture":0.8731799178190209,"_runtime":6215.6956641,"Test/MAE/Moisture":0.029236629605293274,"Total Parameters":6623790,"_timestamp":1.741724235189909e+09,"epoch":30,"Test/MSE/Fermentation Level":0.007098372094333172,"Train/MSE/Moisture":0.001833442598581314,"Test/MAE/Cadmium":0.06210554018616676,"_wandb":{"runtime":6215},"Test/MSE/Polyphenols":0.005023635923862457,"Train/R²/Polyphenols":0.7054372125719631,"Train/R²/Cadmium":0.9389473866110596,"Test/R²/Cadmium":0.9150758101477834,"Test/MSE/Cadmium":0.0066891140304505825,"Train/MAE/Cadmium":0.05637658014893532,"_step":31,"Test/R²/Fermentation Level":0.8115147980886415,"Train/MAE/Moisture":0.032709840685129166,"Train/MSE/Fermentation Level":0.006479522213339806,"Test/R²/Polyphenols":0.7028829691237393,"Train/MAE/Fermentation Level":0.06295695155858994,"Test/MSE/Moisture":0.001281358883716166,"Train/MSE/Polyphenols":0.004980469588190317}