{"train/mae/Polyphenols":0.0005858414468147492,"test/r2/Moisture":0.8598651504026581,"test/r2/Fermentation Level":0.6641705657236601,"test/mae/Moisture":0.0179439822684878,"train/r2/Fermentation Level":0.999125868608942,"_step":23,"train/mae/Cadmium":0.0011136649461124374,"train/mse/Polyphenols":1.1719007977240033e-05,"train/mae/Fermentation Level":0.0009066897195647787,"_timestamp":1.7416708846914084e+09,"test/mae/Polyphenols":0.03630826581898048,"test/mse/Fermentation Level":0.012647406217220965,"train/r2/Moisture":0.9996302429981816,"train/r2/Cadmium":0.9993031762520486,"_runtime":8657.6719808,"test/r2/Cadmium":0.6139157062766813,"train/mse/Moisture":3.735942290170452e-06,"test/mae/Fermentation Level":0.0611186046808441,"test/mse/Cadmium":0.03041030083675791,"test/mse/Polyphenols":0.0034742006257103045,"test/r2/Polyphenols":0.7945228295542881,"test/mae/Cadmium":0.0933757512021136,"train/mse/Fermentation Level":3.2919969667808045e-05,"train/r2/Polyphenols":0.9993068942012807,"test/mse/Moisture":0.0014158912701117288,"train/mae/Moisture":0.0002667310026470702,"train/mse/Cadmium":5.4885992903371644e-05,"_wandb":{"runtime":8657}}