{
    "train": {
        "mse": {
            "Cadmium": 0.0,
            "Fermentation Level": 1.5407439555097887e-33,
            "Moisture": 0.0,
            "Polyphenols": 0.0
        },
        "r2": {
            "Cadmium": 1.0,
            "Fermentation Level": 1.0,
            "Moisture": 1.0,
            "Polyphenols": 1.0
        },
        "mae": {
            "Cadmium": 0.0,
            "Fermentation Level": 1.3877787807814457e-17,
            "Moisture": 0.0,
            "Polyphenols": 0.0
        }
    },
    "test": {
        "mse": {
            "Cadmium": 0.0560805179758315,
            "Fermentation Level": 0.02386508090278158,
            "Moisture": 0.0011836876214896392,
            "Polyphenols": 0.004013052214693455
        },
        "r2": {
            "Cadmium": 0.31793593262255715,
            "Fermentation Level": 0.3675441038608207,
            "Moisture": 0.8841204145399452,
            "Polyphenols": 0.7675876686299867
        },
        "mae": {
            "Cadmium": 0.1347939239180001,
            "Fermentation Level": 0.08990281250000173,
            "Moisture": 0.016619210619789736,
            "Polyphenols": 0.035757125039275174
        }
    }
}