{
    "train": {
        "mse": {
            "Cadmium": 0.038290956450388214,
            "Fermentation Level": 0.02709189425828215,
            "Moisture": 0.003030981432110878,
            "Polyphenols": 0.013038441275512935
        },
        "r2": {
            "Cadmium": 0.5342966427025573,
            "Fermentation Level": 0.2820293243073553,
            "Moisture": 0.7032757076160686,
            "Polyphenols": 0.24489032981484748
        },
        "mae": {
            "Cadmium": 0.1504669967177324,
            "Fermentation Level": 0.13712796435446115,
            "Moisture": 0.04230111993663013,
            "Polyphenols": 0.10578808577172458
        }
    },
    "test": {
        "mse": {
            "Cadmium": 0.054115804049764564,
            "Fermentation Level": 0.02749734044509615,
            "Moisture": 0.0026149882599787126,
            "Polyphenols": 0.012553562905100958
        },
        "r2": {
            "Cadmium": 0.3418312320957867,
            "Fermentation Level": 0.27128446940984785,
            "Moisture": 0.7440002327912358,
            "Polyphenols": 0.27297162715898093
        },
        "mae": {
            "Cadmium": 0.1832255814326927,
            "Fermentation Level": 0.13844494981096145,
            "Moisture": 0.04308788372576237,
            "Polyphenols": 0.10152041652426123
        }
    }
}