{
    "train": {
        "mse": {
            "Cadmium": 0.0019481868739990168,
            "Fermentation Level": 0.004348494671158307,
            "Moisture": 0.003065454102907338,
            "Polyphenols": 0.0042011559093785835
        },
        "r2": {
            "Cadmium": 0.9763057063084943,
            "Fermentation Level": 0.8847591966979956,
            "Moisture": 0.6999009331155399,
            "Polyphenols": 0.7566938113158418
        },
        "mae": {
            "Cadmium": 0.03762393183608467,
            "Fermentation Level": 0.06256110905456114,
            "Moisture": 0.044332879053655384,
            "Polyphenols": 0.06046806726380584
        }
    },
    "test": {
        "mse": {
            "Cadmium": 0.03473597933826213,
            "Fermentation Level": 0.010604723911862238,
            "Moisture": 0.002520968371041381,
            "Polyphenols": 0.007673628397093159
        },
        "r2": {
            "Cadmium": 0.5775330862314026,
            "Fermentation Level": 0.7189609290533063,
            "Moisture": 0.7532045072613425,
            "Polyphenols": 0.5555886715588645
        },
        "mae": {
            "Cadmium": 0.14394865861584016,
            "Fermentation Level": 0.08493312173335639,
            "Moisture": 0.040573931770417744,
            "Polyphenols": 0.07292064826830642
        }
    }
}