{
    "train": {
        "mse": {
            "Cadmium": 0.0016607236939692458,
            "Fermentation Level": 0.004939131085831834,
            "Moisture": 0.0035487045818865014,
            "Polyphenols": 0.003438532329577322
        },
        "r2": {
            "Cadmium": 0.9798018991553018,
            "Fermentation Level": 0.8691065582486854,
            "Moisture": 0.6525921126456551,
            "Polyphenols": 0.8008604741592495
        },
        "mae": {
            "Cadmium": 0.03484918872131151,
            "Fermentation Level": 0.06854798392063238,
            "Moisture": 0.050844982348622524,
            "Polyphenols": 0.05271492232880384
        }
    },
    "test": {
        "mse": {
            "Cadmium": 0.03934397393451708,
            "Fermentation Level": 0.011622110404816985,
            "Moisture": 0.00322427951198188,
            "Polyphenols": 0.007717337972643
        },
        "r2": {
            "Cadmium": 0.5214896035708214,
            "Fermentation Level": 0.6919988546843654,
            "Moisture": 0.6843523861594436,
            "Polyphenols": 0.5530572705669867
        },
        "mae": {
            "Cadmium": 0.15998932240653313,
            "Fermentation Level": 0.09298675956481292,
            "Moisture": 0.04901334440038202,
            "Polyphenols": 0.07093684512337611
        }
    }
}