{"train/mse/Fermentation Level":3.293110945882026e-05,"_step":23,"train/mae/Polyphenols":0.0005898602962441319,"train/r2/Polyphenols":0.9993078971573817,"_runtime":18384.8244484,"test/r2/Polyphenols":0.7998963666209573,"train/mae/Cadmium":0.0011145582893253027,"train/r2/Fermentation Level":0.9991255728115549,"train/mae/Fermentation Level":0.00091659176471305,"test/mae/Moisture":0.018005612627164408,"train/mse/Polyphenols":1.1702050031469232e-05,"test/r2/Fermentation Level":0.665629037102103,"test/mse/Cadmium":0.0306965046426855,"test/mae/Fermentation Level":0.06071943588235073,"train/r2/Cadmium":0.9993107511181786,"train/mae/Moisture":0.00026810705078875494,"test/mae/Polyphenols":0.035828193883693994,"test/r2/Moisture":0.8612908620321706,"train/mse/Moisture":3.7306890487346416e-06,"_timestamp":1.7416892709373965e+09,"test/mae/Cadmium":0.09371610119059597,"train/r2/Moisture":0.9996307629266634,"test/mse/Moisture":0.0014014861977423368,"test/mse/Fermentation Level":0.01259247988231198,"_wandb":{"runtime":18384},"test/r2/Cadmium":0.6102821087379514,"train/mse/Cadmium":5.428935128506041e-05,"test/mse/Polyphenols":0.0033833450537808078}