{
    "train": {
        "mse": {
            "Cadmium": 1.1875378165280205e-06,
            "Fermentation Level": 3.572426470588235e-06,
            "Moisture": 8.933914209474076e-08,
            "Polyphenols": 3.3105053079101477e-06
        },
        "r2": {
            "Cadmium": 0.9999849232106705,
            "Fermentation Level": 0.9999051405529319,
            "Moisture": 0.9999911578470008,
            "Polyphenols": 0.9998042043806046
        },
        "mae": {
            "Cadmium": 1.5388655996717073e-05,
            "Fermentation Level": 3.367647058828423e-05,
            "Moisture": 3.948525689980563e-06,
            "Polyphenols": 2.316324368995779e-05
        }
    },
    "test": {
        "mse": {
            "Cadmium": 0.026454245962070654,
            "Fermentation Level": 0.013923424908088528,
            "Moisture": 0.0012684588965585772,
            "Polyphenols": 0.004267327154931202
        },
        "r2": {
            "Cadmium": 0.6641411433883767,
            "Fermentation Level": 0.6302881531783429,
            "Moisture": 0.87445695835414,
            "Polyphenols": 0.7476143712966654
        },
        "mae": {
            "Cadmium": 0.057289928814177125,
            "Fermentation Level": 0.050620955882350084,
            "Moisture": 0.012887328662416514,
            "Polyphenols": 0.02863505353099283
        }
    }
}