{
    "train": {
        "mse": {
            "Cadmium": 2.40893329406942e-05,
            "Fermentation Level": 8.803014058819522e-06,
            "Moisture": 2.1972195702933783e-06,
            "Polyphenols": 3.1192771785449526e-06
        },
        "r2": {
            "Cadmium": 0.9996941656991623,
            "Fermentation Level": 0.9997662515791361,
            "Moisture": 0.9997825348312296,
            "Polyphenols": 0.9998155143247226
        },
        "mae": {
            "Cadmium": 0.000658024276632704,
            "Fermentation Level": 0.0003679635294205542,
            "Moisture": 0.00017387097035611427,
            "Polyphenols": 0.00020687291634433345
        }
    },
    "test": {
        "mse": {
            "Cadmium": 0.022493919955182115,
            "Fermentation Level": 0.012748994939529669,
            "Moisture": 0.0016123827691077247,
            "Polyphenols": 0.004616837859196889
        },
        "r2": {
            "Cadmium": 0.7144208061083022,
            "Fermentation Level": 0.6614730574317753,
            "Moisture": 0.8404178190713566,
            "Polyphenols": 0.7269430059121984
        },
        "mae": {
            "Cadmium": 0.0764240923686613,
            "Fermentation Level": 0.06179450823529418,
            "Moisture": 0.020907744368142835,
            "Polyphenols": 0.04161537028548302
        }
    }
}