{
    "train": {
        "mse": {
            "Cadmium": 2.3850019280861413e-05,
            "Fermentation Level": 8.922657529412883e-06,
            "Moisture": 2.0598401758843493e-06,
            "Polyphenols": 3.0801238946486765e-06
        },
        "r2": {
            "Cadmium": 0.9996972039869395,
            "Fermentation Level": 0.9997630746590345,
            "Moisture": 0.9997961316667915,
            "Polyphenols": 0.9998178299958238
        },
        "mae": {
            "Cadmium": 0.0006711174489963129,
            "Fermentation Level": 0.00037556823529843564,
            "Moisture": 0.00017658879417181009,
            "Polyphenols": 0.00021119813946415323
        }
    },
    "test": {
        "mse": {
            "Cadmium": 0.022320929332619397,
            "Fermentation Level": 0.01260064635839995,
            "Moisture": 0.0015806387822919676,
            "Polyphenols": 0.004639621494978438
        },
        "r2": {
            "Cadmium": 0.7166170672597917,
            "Fermentation Level": 0.6654121908177699,
            "Moisture": 0.8435596131567846,
            "Polyphenols": 0.7255954967965149
        },
        "mae": {
            "Cadmium": 0.07588528910045854,
            "Fermentation Level": 0.061280607058824044,
            "Moisture": 0.020606439239404195,
            "Polyphenols": 0.04164994661128768
        }
    }
}