{
    "train": {
        "mse": {
            "Cadmium": 0.0017697036609330245,
            "Fermentation Level": 0.002278612295389794,
            "Moisture": 0.003147804670592833,
            "Polyphenols": 0.0033639990820202885
        },
        "r2": {
            "Cadmium": 0.9774740182870247,
            "Fermentation Level": 0.9396431461755445,
            "Moisture": 0.6892580499729007,
            "Polyphenols": 0.8010675705779113
        },
        "mae": {
            "Cadmium": 0.03390416638287145,
            "Fermentation Level": 0.04141158666187415,
            "Moisture": 0.049467938242668444,
            "Polyphenols": 0.05213340211110972
        }
    },
    "test": {
        "mse": {
            "Cadmium": 0.002277602336010054,
            "Fermentation Level": 0.0021118612423331458,
            "Moisture": 0.0031182855540516957,
            "Polyphenols": 0.003596736355255112
        },
        "r2": {
            "Cadmium": 0.9712565884365478,
            "Fermentation Level": 0.9436010085698865,
            "Moisture": 0.6894921268237593,
            "Polyphenols": 0.7871987266578042
        },
        "mae": {
            "Cadmium": 0.03866254132118497,
            "Fermentation Level": 0.03916680849233814,
            "Moisture": 0.04940032417577369,
            "Polyphenols": 0.05500141012277981
        }
    }
}