{"_runtime":8.2440267,"train/mae/Polyphenols":0.061559372212080396,"train/mse/Polyphenols":0.006071961244811024,"train/r2/Moisture":0.3977299785663082,"_timestamp":1.7417283635355933e+09,"test/r2/Cadmium":0.7322660647443853,"test/mae/Cadmium":0.11670596770834185,"test/mse/Fermentation Level":0.021322215938753594,"_step":23,"train/mse/Fermentation Level":0.007752443331991777,"train/mae/Moisture":0.06206429604572408,"test/r2/Polyphenols":0.20091700788957623,"train/r2/Fermentation Level":0.7941476209645891,"train/r2/Polyphenols":0.6408815868586437,"train/mae/Cadmium":0.0661718717648884,"test/mse/Cadmium":0.021088320990252596,"train/mse/Cadmium":0.007029437118911446,"test/mae/Moisture":0.08323243387865231,"train/mse/Moisture":0.006085201989713651,"test/mae/Polyphenols":0.09307590522573275,"test/mae/Fermentation Level":0.11642505097595555,"train/r2/Cadmium":0.9107553956833284,"train/mae/Fermentation Level":0.06992610198851963,"test/mse/Polyphenols":0.013510866560808396,"test/r2/Fermentation Level":0.4338263835884768,"test/r2/Moisture":-0.10827624981925443,"test/mse/Moisture":0.011197776081396764,"_wandb":{"runtime":8}}