{
    "train": {
        "mse": {
            "Cadmium": 0.0,
            "Fermentation Level": 9.437056727497456e-33,
            "Moisture": 0.0,
            "Polyphenols": 0.0
        },
        "r2": {
            "Cadmium": 1.0,
            "Fermentation Level": 1.0,
            "Moisture": 1.0,
            "Polyphenols": 1.0
        },
        "mae": {
            "Cadmium": 0.0,
            "Fermentation Level": 5.898059818321144e-17,
            "Moisture": 0.0,
            "Polyphenols": 0.0
        }
    },
    "test": {
        "mse": {
            "Cadmium": 0.06953303619776054,
            "Fermentation Level": 0.023910341262760933,
            "Moisture": 0.0017480194520065526,
            "Polyphenols": 0.004426301631462966
        },
        "r2": {
            "Cadmium": 0.15432333370055096,
            "Fermentation Level": 0.36634464505123465,
            "Moisture": 0.828873964889727,
            "Polyphenols": 0.7436546981002133
        },
        "mae": {
            "Cadmium": 0.15595338924972046,
            "Fermentation Level": 0.09214477678572058,
            "Moisture": 0.020782421172063997,
            "Polyphenols": 0.03700078818933825
        }
    }
}