{
    "train": {
        "mse": {
            "Cadmium": 0.010374846803492953,
            "Fermentation Level": 0.0027484171217808146,
            "Moisture": 0.0005707032825792966,
            "Polyphenols": 0.003132227849864762
        },
        "r2": {
            "Cadmium": 0.8738187437523691,
            "Fermentation Level": 0.9271633471178575,
            "Moisture": 0.94412980367003,
            "Polyphenols": 0.8185998242674846
        },
        "mae": {
            "Cadmium": 0.08154615667078229,
            "Fermentation Level": 0.039189039317148705,
            "Moisture": 0.01944049617178364,
            "Polyphenols": 0.0437419651367968
        }
    },
    "test": {
        "mse": {
            "Cadmium": 0.04616546746791794,
            "Fermentation Level": 0.00881514235464109,
            "Moisture": 0.0026716927860730914,
            "Polyphenols": 0.004410224212395662
        },
        "r2": {
            "Cadmium": 0.43852504131436276,
            "Fermentation Level": 0.7663871838436067,
            "Moisture": 0.7384490241292274,
            "Polyphenols": 0.7445858074523827
        },
        "mae": {
            "Cadmium": 0.16214237428233547,
            "Fermentation Level": 0.07718977924402998,
            "Moisture": 0.040045430849867586,
            "Polyphenols": 0.05467955502209933
        }
    }
}