{
    "train": {
        "mse": {
            "Cadmium": 1.154208697407849e-06,
            "Fermentation Level": 1.4033034374999638e-06,
            "Moisture": 2.753861785991633e-07,
            "Polyphenols": 4.0757792539504626e-08
        },
        "r2": {
            "Cadmium": 0.9999859622502222,
            "Fermentation Level": 0.9999628106212279,
            "Moisture": 0.9999730404917326,
            "Polyphenols": 0.9999976395488823
        },
        "mae": {
            "Cadmium": 2.9905135014560088e-05,
            "Fermentation Level": 2.6421875006708152e-05,
            "Moisture": 1.322530968114733e-05,
            "Polyphenols": 6.719812173396379e-06
        }
    },
    "test": {
        "mse": {
            "Cadmium": 0.06811152278510639,
            "Fermentation Level": 0.04261809985218592,
            "Moisture": 0.00702209422544954,
            "Polyphenols": 0.010307435471879034
        },
        "r2": {
            "Cadmium": 0.17161210447268116,
            "Fermentation Level": -0.12943545607765605,
            "Moisture": 0.31255733934051266,
            "Polyphenols": 0.40305408942994037
        },
        "mae": {
            "Cadmium": 0.18289733130361496,
            "Fermentation Level": 0.14974920312499507,
            "Moisture": 0.0501472415140837,
            "Polyphenols": 0.07004788799510708
        }
    }
}