{
    "train": {
        "mse": {
            "Cadmium": 0.0013700455731001358,
            "Fermentation Level": 0.004361860746488696,
            "Moisture": 0.0030696039928980357,
            "Polyphenols": 0.004274431235465865
        },
        "r2": {
            "Cadmium": 0.9833371928468304,
            "Fermentation Level": 0.884404978198365,
            "Moisture": 0.6994946709200954,
            "Polyphenols": 0.752450136313187
        },
        "mae": {
            "Cadmium": 0.030798791472476137,
            "Fermentation Level": 0.061896916623448484,
            "Moisture": 0.044326755707301636,
            "Polyphenols": 0.060921239084165475
        }
    },
    "test": {
        "mse": {
            "Cadmium": 0.038391680894939155,
            "Fermentation Level": 0.011074819416027082,
            "Moisture": 0.002525067649372439,
            "Polyphenols": 0.007187425897918111
        },
        "r2": {
            "Cadmium": 0.5330716090043244,
            "Fermentation Level": 0.7065027825853041,
            "Moisture": 0.7528031998006034,
            "Polyphenols": 0.5837466546365484
        },
        "mae": {
            "Cadmium": 0.15682547942856076,
            "Fermentation Level": 0.08693254603330473,
            "Moisture": 0.040476748563425945,
            "Polyphenols": 0.07108363528732277
        }
    }
}