{
    "train": {
        "mse": {
            "Cadmium": 0.0015368176516901855,
            "Fermentation Level": 0.00444219427647462,
            "Moisture": 0.003136623836576732,
            "Polyphenols": 0.004136776775029693
        },
        "r2": {
            "Cadmium": 0.9813088727393532,
            "Fermentation Level": 0.8822760344539778,
            "Moisture": 0.6929336225809133,
            "Polyphenols": 0.7604222713271083
        },
        "mae": {
            "Cadmium": 0.033041799164505316,
            "Fermentation Level": 0.06353887894860165,
            "Moisture": 0.045036937475518825,
            "Polyphenols": 0.05994215997495239
        }
    },
    "test": {
        "mse": {
            "Cadmium": 0.03327530187904345,
            "Fermentation Level": 0.010768426149801412,
            "Moisture": 0.00261403998672313,
            "Polyphenols": 0.007833539292053698
        },
        "r2": {
            "Cadmium": 0.5952981790821962,
            "Fermentation Level": 0.7146226053737188,
            "Moisture": 0.7440930659929732,
            "Polyphenols": 0.54632757503658
        },
        "mae": {
            "Cadmium": 0.140072948826854,
            "Fermentation Level": 0.08654298014600864,
            "Moisture": 0.04167579187231273,
            "Polyphenols": 0.0733387741611893
        }
    }
}