{"test/mse/Cadmium":0.02576743743120896,"train/mse/Polyphenols":0.006757138276681755,"test/mse/Fermentation Level":0.014844138625274452,"train/r2/Moisture":0.36393917810469845,"test/mae/Cadmium":0.13348696294296336,"train/r2/Fermentation Level":0.834754477210906,"train/mse/Fermentation Level":0.0062231806952662855,"_step":23,"train/mse/Moisture":0.00642661670219348,"test/mae/Polyphenols":0.0976593803709213,"train/mse/Cadmium":0.004515621416064318,"train/mae/Fermentation Level":0.07504975881578765,"test/mse/Polyphenols":0.011147910278707136,"_timestamp":1.7416587249067957e+09,"test/mae/Fermentation Level":0.10811116082579508,"test/r2/Fermentation Level":0.6058402338609419,"test/r2/Polyphenols":0.3406710471756116,"train/mae/Polyphenols":0.0793224699715603,"test/mse/Moisture":0.006904072001160084,"train/mae/Cadmium":0.06020042292263288,"train/mae/Moisture":0.07672670935328174,"train/r2/Polyphenols":0.6003576641118378,"train/r2/Cadmium":0.9426703959785966,"_wandb":{"runtime":31},"test/mae/Moisture":0.07701928657451687,"test/r2/Moisture":0.31668404776911896,"test/r2/Cadmium":0.6728607541539622,"_runtime":31.7897338}